RABBI;H146
RACALE;H147
RACALMUTO;H148
RACCONIGI;H150
RACCUIA;H151
RACINES;H152
RADDA IN CHIANTI;H153
RADDUSA;H154
RADICOFANI;H156
RADICONDOLI;H157
RAFFADALI;H159
RAGOGNA;H161
RAGOLI;H162
RAGUSA;H163
RAIANO;H166
RAMACCA;H168
RAMISETO;G654
RAMPONIO VERNA;H171
RANCIO VALCUVIA;H173
RANCO;H174
RANDAZZO;H175
RANICA;H176
RANZANICO;H177
RANZO;H180
RAPAGNANO;H182
RAPALLO;H183
RAPINO;H184
RAPOLANO TERME;H185
RAPOLLA;H186
RAPONE;H187
RASSA;H188
RASUN ANTERSELVA;H189
RASURA;H192
RAVANUSA;H194
RAVARINO;H195
RAVASCLETTO;H196
RAVELLO;H198
RAVENNA;H199
RAVEO;H200
RAVISCANINA;H202
RE;H203
REA;H204
REALMONTE;H205
REANA DEL ROIALE;H206
REANO;H207
RECALE;H210
RECANATI;H211
RECCO;H212
RECETTO;H213
RECOARO TERME;H214
REDAVALLE;H216
REDONDESCO;H218
REFRANCORE;H219
REFRONTOLO;H220
REGALBUTO;H221
REGGELLO;H222
REGGIO CALABRIA;H224
REGGIO EMILIA;H223
REGGIOLO;H225
REINO;H227
REITANO;H228
REMANZACCO;H229
REMEDELLO;H230
RENATE;H233
RENDE;H235
RENON;H236
REP. CENTRAFRICANA;Z308
REP. DOMINICANA;Z505
REP. SUDAFRICANA;Z347
RESANA;H238
RESCALDINA;H240
RESIA;H242
RESIUTTA;H244
RESUTTANO;H245
RETORBIDO;H246
REVELLO;H247
REVERE;H248
REVIGLIASCO D'ASTI;H250
REVINE LAGO;H253
REVO';H254
REZZAGO;H255
REZZATO;H256
REZZO;H257
REZZOAGLIO;H258
RHEMES NOTRE DAME;H262
RHEMES SAINT GEORGES;H263
RHO;H264
RHODESIA;Z337
RIACE;H265
RIALTO;H266
RIANO;H267
RIARDO;H268
RIBERA;H269
RIBORDONE;H270
RICADI;H271
RICALDONE;H272
RICCIA;H273
RICCIONE;H274
RICCO' DEL GOLFO;H275
RICENGO;H276
RICIGLIANO;H277
RIESE PIO X;H280
RIESI;H281
RIETI;H282
RIFIANO;H284
RIFREDDO;H285
RIGNANO FLAMINIO;H288
RIGNANO GARGANICO;H287
RIGNANO SULL'ARNO;H286
RIGOLATO;H289
RIMA SAN GIUSEPPE;H291
RIMASCO;H292
RIMELLA;H293
RIMINI;H294
RIO DI PUSTERIA;H299
RIO MARINA;H305
RIO NELL'ELBA;H297
RIO SALICETO;H298
RIOFREDDO;H300
RIOLA SARDO;H301
RIOLO TERME;H302
RIOLUNATO;H303
RIOMAGGIORE;H304
RIONERO IN VULTURE;H307
RIONERO SANNITICO;H308
RIPA TEATINA;H320
RIPABOTTONI;H311
RIPACANDIDA;H312
RIPALIMOSANI;H313
RIPALTA ARPINA;H314
RIPALTA CREMASCA;H315
RIPALTA GUERINA;H316
RIPARBELLA;H319
RIPATRANSONE;H321
RIPE;H322
RIPE SAN GINESIO;H323
RIPI;H324
RIPOSTO;H325
RITTANA;H326
RIVA DEL GARDA;H330
RIVA DI SOLTO;H331
RIVA LIGURE;H328
RIVA PRESSO CHIERI;H337
RIVA VALDOBBIA;H329
RIVALBA;H333
RIVALTA BORMIDA;H334
RIVALTA DI TORINO;H335
RIVAMONTE AGORDINO;H327
RIVANAZZANO;H336
RIVARA;H338
RIVAROLO CANAVESE;H340
RIVAROLO DEL RE ED UNITI;H341
RIVAROLO MANTOVANO;H342
RIVARONE;H343
RIVAROSSA;H344
RIVE;H346
RIVE D'ARCANO;H347
RIVELLO;H348
RIVERGARO;H350
RIVIGNANO;H352
RIVISONDOLI;H353
RIVODUTRI;H354
RIVOLI;H355
RIVOLI VERONESE;H356
RIVOLTA D'ADDA;H357
RIZZICONI;H359
RO FERRARESE;H360
ROANA;H361
ROASCHIA;H362
ROASCIO;H363
ROASIO;H365
ROATTO;H366
ROBASSOMERO;H367
ROBBIATE;G223
ROBBIO;H369
ROBECCHETTO CON INDUNO;H371
ROBECCO D'OGLIO;H372
ROBECCO PAVESE;H375
ROBECCO SUL NAVIGLIO;H373
ROBELLA;H376
ROBILANTE;H377
ROBURENT;H378
ROCCA CANAVESE;H386
ROCCA CANTERANO;H387
ROCCA CIGLIE';H391
ROCCA D'ARAZZO;H392
ROCCA D'ARCE;H393
ROCCA DE'BALDI;H395
ROCCA DE'GIORGI;H396
ROCCA D'EVANDRO;H398
ROCCA DI BOTTE;H399
ROCCA DI CAMBIO;H400
ROCCA DI CAVE;H401
ROCCA DI MEZZO;H402
ROCCA DI NETO;H403
ROCCA DI PAPA;H404
ROCCA GRIMALDA;H414
ROCCA IMPERIALE;H416
ROCCA MASSIMA;H421
ROCCA PIA;H429
ROCCA PIETORE;H379
ROCCA PRIORA;H432
ROCCA SAN CASCIANO;H437
ROCCA SAN FELICE;H438
ROCCA SAN GIOVANNI;H439
ROCCA SANTA MARIA;H440
ROCCA SANTO STEFANO;H441
ROCCA SINIBALDA;H446
ROCCA SUSELLA;H450
ROCCABASCERANA;H382
ROCCABERNARDA;H383
ROCCABIANCA;H384
ROCCABRUNA;H385
ROCCACASALE;H389
ROCCADASPIDE;H394
ROCCAFIORITA;H405
ROCCAFLUVIONE;H390
ROCCAFORTE DEL GRECO;H408
ROCCAFORTE LIGURE;H406
ROCCAFORTE MONDOVI';H407
ROCCAFORZATA;H409
ROCCAFRANCA;H410
ROCCAGIOVINE;H411
ROCCAGLORIOSA;H412
ROCCAGORGA;H413
ROCCALBEGNA;H417
ROCCALUMERA;H418
ROCCAMANDOLFI;H420
ROCCAMENA;H422
ROCCAMONFINA;H423
ROCCAMONTEPIANO;H424
ROCCAMORICE;H425
ROCCANOVA;H426
ROCCANTICA;H427
ROCCAPALUMBA;H428
ROCCAPIEMONTE;H431
ROCCARAINOLA;H433
ROCCARASO;H434
ROCCAROMANA;H436
ROCCASCALEGNA;H442
ROCCASECCA;H443
ROCCASECCA DEI VOLSCI;H444
ROCCASICURA;H445
ROCCASPARVERA;H447
ROCCASPINALVETI;H448
ROCCASTRADA;H449
ROCCAVALDINA;H380
ROCCAVERANO;H451
ROCCAVIGNALE;H452
ROCCAVIONE;H453
ROCCAVIVARA;H454
ROCCELLA IONICA;H456
ROCCELLA VALDEMONE;H455
ROCCHETTA A VOLTURNO;H458
ROCCHETTA BELBO;H462
ROCCHETTA DI VARA;H461
ROCCHETTA E CROCE;H459
ROCCHETTA LIGURE;H465
ROCCHETTA NERVINA;H460
ROCCHETTA PALAFEA;H466
ROCCHETTA SANT'ANTONIO;H467
ROCCHETTA TANARO;H468
RODANO;H470
RODDI;H472
RODDINO;H473
RODELLO;H474
RODENGO;H475
RODENGO SAIANO;H477
RODERO;H478
RODI GARGANICO;H480
RODI' MILICI;H479
RODIGO;H481
ROE' VOLCIANO;H484
ROFRANO;H485
ROGENO;H486
ROGGIANO GRAVINA;H488
ROGHUDI;H489
ROGLIANO;H490
ROGNANO;H491
ROGNO;H492
ROGOLO;H493
ROIATE;H494
ROIO DEL SANGRO;H495
ROISAN;H497
ROLETTO;H498
ROLO;H500
ROMA;H501
ROMAGNANO AL MONTE;H503
ROMAGNANO SESIA;H502
ROMAGNESE;H505
ROMALLO;H506
ROMANA;H507
ROMANENGO;H508
ROMANIA;Z129
ROMANO CANAVESE;H511
ROMANO D'EZZELINO;H512
ROMANO DI LOMBARDIA;H509
ROMANS D'ISONZO;H514
ROMBIOLO;H516
ROMENO;H517
ROMENTINO;H518
ROMETTA;H519
RONAGO;H521
RONCA';H522
RONCADE;H523
RONCADELLE;H525
RONCARO;H527
RONCEGNO;H528
RONCELLO;H529
RONCHI DEI LEGIONARI;H531
RONCHI VALSUGANA;H532
RONCHIS;H533
RONCIGLIONE;H534
RONCO ALL'ADIGE;H540
RONCO BIELLESE;H538
RONCO BRIANTINO;H537
RONCO CANAVESE;H539
RONCO SCRIVIA;H536
RONCOBELLO;H535
RONCOFERRARO;H541
RONCOFREDDO;H542
RONCOLA;H544
RONCONE;H545
RONDANINA;H546
RONDISSONE;H547
RONSECCO;H549
RONZO CHIENIS;H551
RONZONE;H552
ROPPOLO;H553
RORA';H554
RORETO CHISONE;H555
ROSA';H556
ROSARNO;H558
ROSASCO;H559
ROSATE;H560
ROSAZZA;H561
ROSCIANO;H562
ROSCIGNO;H564
ROSE;H565
ROSELLO;H566
ROSETO DEGLI ABRUZZI;F585
ROSETO VALFORTORE;H568
ROSIGNANO MARITTIMO;H570
ROSIGNANO MONFERRATO;H569
ROSITO CAPO SPULICO;H572
ROSOLINA;H573
ROSOLINI;H574
ROSORA;H575
ROSSA;H577
ROSSANA;H578
ROSSANO;H579
ROSSANO VENETO;H580
ROSSIGLIONE;H581
ROSTA;H583
ROTA D'IMAGNA;H584
ROTA GRECA;H585
ROTELLA;H588
ROTELLO;H589
ROTONDA;H590
ROTONDELLA;H591
ROTONDI;H592
ROTTOFRENO;H593
ROTZO;H594
ROVAGNATE;H596
ROVASENDA;H364
ROVATO;H598
ROVEGNO;H599
ROVELLASCA;H601
ROVELLO PORRO;H602
ROVERBELLA;H604
ROVERCHIARA;H606
ROVERE' DELLA LUNA;H607
ROVERE' VERONESE;H608
ROVEREDO DI GUA';H610
ROVEREDO IN PIANO;H609
ROVERETO;H612
ROVESCALA;H614
ROVETTA;H615
ROVIANO;H618
ROVIGO;H620
ROVITO;H621
ROVOLON;H622
ROZZANO;H623
RUANDA;Z338
RUBANO;H625
RUBIANA;H626
RUBIERA;H627
RUDA;H629
RUDIANO;H630
RUEGLIO;H631
RUFFANO;H632
RUFFIA;H633
RUFFRE';H634
RUFINA;H635
RUINAS;F271
RUINO;H637
RUMO;H639
RUOTI;H641
RUSSI;H642
RUTIGLIANO;H643
RUTINO;H644
RUVIANO;H165
RUVO DEL MONTE;H646
RUVO DI PUGLIA;H645
SABAUDIA;H647
SABBIA;H648
SABBIO CHIESE;H650
SABBIONETA;H652
SACCO;H654
SACCOLONGO;H655
SACILE;H657
SACROFANO;H658
SADALI;H659
SAGAMA;H661
SAGLIANO MICCA;H662
SAGRADO;H665
SAGRON MIS;H666
SAHARA SPAGNOLO;Z339
SAINT CHRISTOPHE;H669
SAINT DENIS;H670
SAINT MARCEL;H671
SAINT NICOLAS;H672
SAINT OYEN;H673
SAINT PIERRE;H674
SAINT PIERRE;Z403
SAINT RHEMY;H675
SAINT VINCENT;H676
SALA BAGANZA;H682
SALA BIELLESE;H681
SALA BOLOGNESE;H678
SALA COMACINA;H679
SALA CONSILINA;H683
SALA MONFERRATO;H677
SALANDRA;H687
SALAPARUTA;H688
SALARA;H689
SALASCO;H690
SALASSA;H691
SALBERTRAND;H684
SALCEDO;F810
SALCITO;H693
SALE;H694
SALE DELLE LANGHE;H695
SALE MARASINO;H699
SALE SAN GIOVANNI;H704
SALEMI;H700
SALENTO;H686
SALERANO CANAVESE;H702
SALERANO SUL LAMBRO;H701
SALERNO;H703
SALETTO;H705
SALGAREDA;H706
SALI VERCELLESE;H707
SALICE SALENTINO;H708
SALICETO;H710
SALISANO;H713
SALIZZOLE;H714
SALLE NUOVA;H715
SALMOUR;H716
SALO';H717
SALORNO;H719
SALSOMAGGIORE TERME;H720
SALTARA;H721
SALTRIO;H723
SALUDECIO;H724
SALUGGIA;H725
SALUSSOLA;H726
SALUZZO;H727
SALVE;H729
SALVIROLA;H731
SALVITELLE;H732
SALZA DI PINEROLO;H734
SALZA IRPINA;H733
SALZANO;H735
SAM MICHELE SALENTIN;I045
SAMARATE;H736
SAMASSI;H738
SAMATZAI;H739
SAMBUCA DI SICILIA;H743
SAMBUCA PISTOIESE;H744
SAMBUCI;H745
SAMBUCO;H746
SAMMICHELE DI BARI;H749
SAMO;H013
SAMOA AMERICANE;Z725
SAMOA OCCIDENTALI;Z726
SAMOLACO;H752
SAMONE;H753
SAMONE;H754
SAMPEYRE;H755
SAMUGHEO;H756
SAN BARTOLOMEO AL MARE;H763
SAN BARTOLOMEO IN GALDO;H764
SAN BARTOLOMEO VAL CAVARGNA;H760
SAN BASILE;H765
SAN BASILIO;H766
SAN BASSANO;H767
SAN BELLINO;H768
SAN BENEDETTO BELBO;H770
SAN BENEDETTO DEI MARSI;H772
SAN BENEDETTO DEL TRONTO;H769
SAN BENEDETTO IN PERILLIS;H773
SAN BENEDETTO PO;H771
SAN BENEDETTO ULLANO;H774
SAN BENEDETTO VAL DI SAMBRO;G566
SAN BENIGNO CANAVESE;H775
SAN BERNARDINO VERBANO;H777
SAN BIAGIO DELLA CIMA;H780
SAN BIAGIO DI CALLALTA;H781
SAN BIAGIO PLATANI;H778
SAN BIAGIO SARACINISCO;H779
SAN BIASE;H782
SAN BONIFACIO;H783
SAN BUONO;H784
SAN CALOGERO;H785
SAN CANDIDO;H786
SAN CANZIAN D'ISONZO;H787
SAN CARLO CANAVESE;H789
SAN CASCIANO DEI BAGNI;H790
SAN CASCIANO IN VAL DI PESA;H791
SAN CASSIANO;H000
SAN CATALDO;H792
SAN CESARIO DI LECCE;H793
SAN CESARIO SUL PANARO;H794
SAN CHIRICO NUOVO;H795
SAN CHIRICO RAPARO;H796
SAN CIPIRELLO;H797
SAN CIPRIANO D'AVERSA;H798
SAN CIPRIANO PICENTINO;H800
SAN CIPRIANO PO;H799
SAN CLEMENTE;H801
SAN COLOMBANO AL LAMBRO;H803
SAN COLOMBANO BELMONTE;H804
SAN COLOMBANO CERTENOLI;H802
SAN CONO;H805
SAN COSMO ALBANESE;H806
SAN COSTANTINO ALBANESE;H808
SAN COSTANTINO CALABRO;H807
SAN COSTANZO;H809
SAN CRISTOFORO;H810
SAN DAMIANO AL COLLE;H814
SAN DAMIANO D'ASTI;H811
SAN DAMIANO MACRA;H812
SAN DANIELE DEL FRIULI;H816
SAN DANIELE PO;H815
SAN DEMETRIO CORONE;H818
SAN DEMETRIO NE'VESTINI;H819
SAN DIDERO;H820
SAN DONA' DI PIAVE;H823
SAN DONACI;H822
SAN DONATO DI LECCE;H826
SAN DONATO DI NINEA;H825
SAN DONATO MILANESE;H827
SAN DONATO VAL DI COMINO;H824
SAN DORLIGO DELLA VALLE;D324
SAN FEDELE INTELVI;H830
SAN FELE;H831
SAN FELICE A CANCELLO;H834
SAN FELICE CIRCEO;H836
SAN FELICE DEL BENACO;H838
SAN FELICE DEL MOLISE;H833
SAN FELICE SUL PANARO;H835
SAN FERDINANDO DI PUGLIA;H839
SAN FERMO DELLA BATTAGLIA;H840
SAN FILI;H841
SAN FILIPPO DEL MELA;H842
SAN FIOR;H843
SAN FIORANO;H844
SAN FLORIANO DEL COLLIO;H845
SAN FLORO;H846
SAN FRANCESCO AL CAMPO;H847
SAN FRATELLO;H850
SAN GAVINO MONREALE;H856
SAN GEMINI;H857
SAN GENESIO ATESINO;H858
SAN GENESIO ED UNITI;H859
SAN GENNARO VESUVIANO;H860
SAN GERMANO CHISONE;H862
SAN GERMANO DEI BERICI;H863
SAN GERMANO VERCELLESE;H861
SAN GERVASIO BRESCIANO;H865
SAN GIACOMO DEGLI SCHIAVONI;H867
SAN GIACOMO DELLE SEGNATE;H870
SAN GIACOMO FILIPPO;H868
SAN GIACOMO VERCELLESE;B952
SAN GILLIO;H873
SAN GIMIGNANO;H875
SAN GINESIO;H876
SAN GIORGIO A CREMANO;H892
SAN GIORGIO A LIRI;H880
SAN GIORGIO ALBANESE;H881
SAN GIORGIO CANAVESE;H890
SAN GIORGIO DEL SANNIO;H894
SAN GIORGIO DELLA RICHINVELDA;H891
SAN GIORGIO DELLE PERTICHE;H893
SAN GIORGIO DI LOMELLINA;H885
SAN GIORGIO DI MANTOVA;H883
SAN GIORGIO DI NOGARO;H895
SAN GIORGIO DI PESARO;H886
SAN GIORGIO DI PIANO;H896
SAN GIORGIO DI SUSA;H900
SAN GIORGIO IN BOSCO;H897
SAN GIORGIO IONICO;H882
SAN GIORGIO LA MOLARA;H898
SAN GIORGIO LUCANO;H888
SAN GIORGIO MONFERRATO;H878
SAN GIORGIO MORGETO;H889
SAN GIORGIO PIACENTINO;H887
SAN GIORGIO SCARAMPI;H899
SAN GIORGIO SU LEGNANO;H884
SAN GIOVANNI A PIRO;H907
SAN GIOVANNI AL NATISONE;H906
SAN GIOVANNI BIANCO;H910
SAN GIOVANNI D'ASSO;H911
SAN GIOVANNI DEL DOSSO;H912
SAN GIOVANNI DI GERACE;H903
SAN GIOVANNI GEMINI;H914
SAN GIOVANNI ILARIONE;H916
SAN GIOVANNI IN CROCE;H918
SAN GIOVANNI IN FIORE;H919
SAN GIOVANNI IN GALDO;H920
SAN GIOVANNI IN MARIGNANO;H921
SAN GIOVANNI IN PERSICETO;G467
SAN GIOVANNI INCARICO;H917
SAN GIOVANNI LA PUNTA;H922
SAN GIOVANNI LIPIONI;H923
SAN GIOVANNI LUPATOTO;H924
SAN GIOVANNI ROTONDO;H926
SAN GIOVANNI SUERGIU;G287
SAN GIOVANNI TEATINO;D690
SAN GIOVANNI VALDARNO;H901
SAN GIULIANO DEL SANNIO;H928
SAN GIULIANO DI PUGLIA;H929
SAN GIULIANO MILANESE;H930
SAN GIULIANO TERME;A562
SAN GIUSEPPE JATO;H933
SAN GIUSEPPE VESUVIANO;H931
SAN GIUSTINO;H935
SAN GIUSTO CANAVESE;H936
SAN GODENZO;H937
SAN GREGORIO DA SASSOLA;H942
SAN GREGORIO DI CATANIA;H940
SAN GREGORIO D'IPPONA;H941
SAN GREGORIO MAGNO;H943
SAN GREGORIO MATESE;H939
SAN GREGORIO NELLE ALPI;H938
SAN LAZZARO DI SAVENA;H945
SAN LEO;H949
SAN LEONARDO;H951
SAN LEONARDO IN PASSIRIA;H952
SAN LEUCIO DEL SANNIO;H953
SAN LORENZELLO;H955
SAN LORENZO;H959
SAN LORENZO AL MARE;H957
SAN LORENZO BELLIZZI;H961
SAN LORENZO DEL VALLO;H962
SAN LORENZO DI SEBATO;H956
SAN LORENZO IN BANALE;H966
SAN LORENZO IN CAMPO;H958
SAN LORENZO ISONTINO;H964
SAN LORENZO MAGGIORE;H967
SAN LORENZO NUOVO;H969
SAN LUCA;H970
SAN LUCIDO;H971
SAN LUPO;H973
SAN MANGO D'AQUINO;H976
SAN MANGO PIEMONTE;H977
SAN MANGO SUL CALORE;H975
SAN MARCELLINO;H978
SAN MARCELLO;H979
SAN MARCELLO PISTOIESE;H980
SAN MARCO ARGENTANO;H981
SAN MARCO D'ALUNZIO;H982
SAN MARCO DEI CAVOTI;H984
SAN MARCO EVANGELISTA;F043
SAN MARCO IN LAMIS;H985
SAN MARCO LA CATOLA;H986
SAN MARINO;Z130
SAN MARTINO AL TAGLIAMENTO;H999
SAN MARTINO ALFIERI;H987
SAN MARTINO BUON ALBERGO;I003
SAN MARTINO CANAVESE;H997
SAN MARTINO D'AGRI;H994
SAN MARTINO DALL'ARGINE;I005
SAN MARTINO DEL LAGO;I007
SAN MARTINO DI FINITA;H992
SAN MARTINO DI LUPARI;I008
SAN MARTINO DI VENEZZE;H996
SAN MARTINO IN BADIA;H998
SAN MARTINO IN PASSIRIA;H989
SAN MARTINO IN PENSILIS;H990
SAN MARTINO IN RIO;I011
SAN MARTINO IN STRADA;I012
SAN MARTINO SANNITA;I002
SAN MARTINO SICCOMARIO;I014
SAN MARTINO SULLA MARRUCCINA;H991
SAN MARTINO VALLE CAUDINA;I016
SAN MARZANO DI SAN GIUSEPPE;I018
SAN MARZANO OLIVETO;I017
SAN MARZANO SUL SARNO;I019
SAN MASSIMO;I023
SAN MAURIZIO CANAVESE;I024
SAN MAURIZIO D'OPAGLIO;I025
SAN MAURO CASTELVERDE;I028
SAN MAURO CILENTO;I031
SAN MAURO DI SALINE;H712
SAN MAURO FORTE;I029
SAN MAURO LA BRUCA;I032
SAN MAURO MARCHESATO;I026
SAN MAURO PASCOLI;I027
SAN MAURO TORINESE;I030
SAN MICHELE AL TAGLIAMENTO;I040
SAN MICHELE ALL'ADIGE;I041
SAN MICHELE DI GANZARIA;I035
SAN MICHELE DI SERINO;I034
SAN MICHELE MONDOVI';I037
SAN MINIATO;I046
SAN NAZARIO;I047
SAN NAZZARO;I049
SAN NAZZARO SESIA;I052
SAN NAZZARO VAL CAVARGNA;I051
SAN NICOLA ARCELLA;I060
SAN NICOLA BARONIA;I061
SAN NICOLA DA CRISSA;I058
SAN NICOLA DELL'ALTO;I057
SAN NICOLA LA STRADA;I056
SAN NICOLA MANFREDI;I062
SAN NICOLO' D'ARCIDANO;A368
SAN NICOLO' DI COMELICO;I063
SAN NICOLO' GERREI;G383
SAN PANCRAZIO;I065
SAN PANCRAZIO SALENTINO;I066
SAN PAOLO;G407
SAN PAOLO ALBANESE;B906
SAN PAOLO BEL SITO;I073
SAN PAOLO CERVO;I074
SAN PAOLO D'ARGON;B310
SAN PAOLO DI CIVITATE;I072
SAN PAOLO DI JESI;I071
SAN PAOLO SOLBRITO;I076
SAN PELLEGRINO TERME;I079
SAN PIER D'ISONZO;I082
SAN PIER NICETO;I084
SAN PIERO A SIEVE;I085
SAN PIERO PATTI;I086
SAN PIETRO A MAIDA;I093
SAN PIETRO AL NATISONE;I092
SAN PIETRO AL TANAGRO;I089
SAN PIETRO APOSTOLO;I095
SAN PIETRO AVELLANA;I096
SAN PIETRO CLARENZA;I098
SAN PIETRO DI CADORE;I088
SAN PIETRO DI CARIDA';I102
SAN PIETRO DI FELETTO;I103
SAN PIETRO DI MORUBIO;I105
SAN PIETRO IN AMANTEA;I108
SAN PIETRO IN CARIANO;I109
SAN PIETRO IN CASALE;I110
SAN PIETRO IN CERRO;G788
SAN PIETRO IN GU';I107
SAN PIETRO IN GUARANO;I114
SAN PIETRO IN LAMA;I115
SAN PIETRO INFINE;I113
SAN PIETRO MOSEZZO;I116
SAN PIETRO MUSSOLINO;I117
SAN PIETRO VAL LEMINA;I090
SAN PIETRO VERNOTICO;I119
SAN PIETRO VIMINARIO;I120
SAN PIO DELLE CAMERE;I121
SAN POLO DEI CAVALIERI;I125
SAN POLO D'ENZA;I123
SAN POLO DI PIAVE;I124
SAN POLOMATESE;I122
SAN PONSO;I127
SAN POSSIDONIO;I128
SAN POTITO SANNITICO;I130
SAN POTITO ULTRA;I129
SAN PRISCO;I131
SAN PROCOPIO;I132
SAN PROSPERO SULLA SECCHIA;I133
SAN QUIRICO D'ORCIA;I135
SAN QUIRINO;I136
SAN RAFFAELE CIMENA;I137
SAN REMO;I138
SAN ROBERTO;I139
SAN ROCCO AL PORTO;I140
SAN ROMANO IN GARFAGNANA;I142
SAN RUFO;I143
SAN SALVATORE DI FITALIA;I147
SAN SALVATORE MONFERRATO;I144
SAN SALVATORE TELESINO;I145
SAN SALVO;I148
SAN SEBASTIANO AL VESUVIO;I151
SAN SEBASTIANO CURONE;I150
SAN SEBASTIANO DA PO;I152
SAN SECONDO DI PINEROLO;I154
SAN SECONDO PARMENSE;I153
SAN SEVERINO LUCANO;I157
SAN SEVERINO MARCHE;I156
SAN SEVERO;I158
SAN SOSSIO BARONIA;I163
SAN SOSTENE;I164
SAN SOSTI;I165
SAN SPERATE;I166
SAN TAMMARO;I261
SAN TEODORO;I328
SAN TEODORO;I329
SAN TOMASO AGORDINO;I347
SAN VALENTINO IN ABRUZZO CITERIORE;I376
SAN VALENTINO TORIO;I377
SAN VENANZO;I381
SAN VENDEMIANO;I382
SAN VERO MILIS;I384
SAN VINCENZO;I390
SAN VINCENZO LA COSTA;I388
SAN VINCENZO VALLE ROVETO;I389
SAN VITALIANO;I391
SAN VITO;I402
SAN VITO AL TAGLIAMENTO;I403
SAN VITO AL TORRE;I404
SAN VITO CHIETINO;I394
SAN VITO DEI NORMANNI;I396
SAN VITO DI CADORE;I392
SAN VITO DI FAGAGNA;I405
SAN VITO DI LEGUZZANO;I401
SAN VITO LO CAPO;I407
SAN VITO ROMANO;I400
SAN VITO SULLO IONIO;I393
SAN VITTORE DEL LAZIO;I408
SAN VITTORE OLONA;I409
SAN ZENO DI MONTAGNA;I414
SAN ZENO NAVIGLIO;I412
SAN ZENONE AL LAMBRO;I415
SAN ZENONE AL PO;I416
SAN ZENONE DEGLI EZZELINI;I417
SANARICA;H757
SANDIGLIANO;H821
SANDRIGO;H829
SANFRE';H851
SANFRONT;H852
SANGANO;H855
SANGIANO;H872
SANGINETO;H877
SANGUINETTO;H944
SANLURI;H974
SANNAZZARO DE'BURGONDI;I048
SANNICANDRO DI BARI;I053
SANNICANDRO GARGANICO;I054
SANNICOLA;I059
SANSEPOLCRO;I155
SANTA BRIGIDA;I168
SANTA CATERINA ALBANESE;I171
SANTA CATERINA DELLO IONIO;I170
SANTA CATERINA VILLARMOSA;I169
SANTA CESAREA TERME;I172
SANTA CRISTINA D'ASPROMONTE;I176
SANTA CRISTINA E BISSONE;I175
SANTA CRISTINA GELA;I174
SANTA CRISTINA VALGARDENA;I173
SANTA CROCE CAMERINA;I178
SANTA CROCE DEL SANNIO;I179
SANTA CROCE DI MAGLIANO;I181
SANTA CROCE SULL'ARNO;I177
SANTA DOMENICA TALAO;I183
SANTA DOMENICA VITTORIA;I184
SANTA ELISABETTA;I185
SANTA FIORA;I187
SANTA FLAVIA;I188
SANTA GIULIETTA;I203
SANTA GIUSTA;I205
SANTA GIUSTINA;I206
SANTA GIUSTINA IN COLLE;I207
SANTA LUCE;I217
SANTA LUCIA DEL MELA;I220
SANTA LUCIA DI PIAVE;I221
SANTA LUCIA DI SERINO;I219
SANTA MARGHERITA D'ADIGE;I226
SANTA MARGHERITA DI BELICE;I224
SANTA MARGHERITA DI STAFFORA;I230
SANTA MARGHERITA LIGURE;I225
SANTA MARIA A MONTE;I232
SANTA MARIA A VICO;I233
SANTA MARIA CAPUA VETERE;I234
SANTA MARIA DEL CEDRO;C717
SANTA MARIA DEL MOLISE;I238
SANTA MARIA DELLA VERSA;I237
SANTA MARIA DI LICODIA;I240
SANTA MARIA DI SALA;I242
SANTA MARIA HOE';I243
SANTA MARIA IMBARO;I244
SANTA MARIA LA FOSSA;I247
SANTA MARIA LA LONGA;I248
SANTA MARIA MAGGIORE;I249
SANTA MARIA NUOVA;I251
SANTA MARIA REZZONICO;I252
SANTA MARINA;I253
SANTA MARINA SALINA;I254
SANTA MARINELLA;I255
SANTA NINFA;I291
SANTA PAOLINA;I301
SANTA SEVERINA;I308
SANTA SOFIA;I310
SANTA SOFIA D'EPIRO;I309
SANTA TERESA DI GALLURA;I312
SANTA TERESA DI RIVA;I311
SANTA VENERINA;I314
SANTA VITTORIA D'ALBA;I316
SANTA VITTORIA IN MATENANO;I315
SANT'ABBONDIO;I167
SANTADI;I182
SANT'AGAPITO;I189
SANT'AGATA BOLOGNESE;I191
SANT'AGATA DE'GOTI;I197
SANT'AGATA DEL BIANCO;I198
SANT'AGATA DI ESARO;I192
SANT'AGATA DI MILITELLO;I199
SANT'AGATA DI PUGLIA;I193
SANT'AGATA FELTRIA;I201
SANT'AGATA FOSSILI;I190
SANT'AGATA LI BATTIATI;I202
SANT'AGATA SUL SANTERNO;I196
SANT'AGNELLO;I208
SANT'AGOSTINO;I209
SANT'ALBANO STURA;I210
SANT'ALESSIO CON VIALONE;I213
SANT'ALESSIO IN ASPROMONTE;I214
SANT'ALESSIO SICULO;I215
SANT'ALFIO;I216
SANT'AMBROGIO DI TORINO;I258
SANT'AMBROGIO DI VALPOLICELLA;I259
SANT'AMBROGIO SUL GARIGLIANO;I256
SANT'ANASTASIA;I262
SANT'ANATOLIA DI NARCO;I263
SANT'ANDREA APOSTOLO DELLO IONIO;I266
SANT'ANDREA DEL GARIGLIANO;I265
SANT'ANDREA DI CONZA;I264
SANT'ANDREA FRIUS;I271
SANT'ANGELO A CUPOLO;I277
SANT'ANGELO A FASANELLA;I278
SANT'ANGELO A SCALA;I280
SANT'ANGELO ALL'ESCA;I279
SANT'ANGELO D'ALIFE;I273
SANT'ANGELO DEI LOMBARDI;I281
SANT'ANGELO DEL PESCO;I282
SANT'ANGELO DI BROLO;I283
SANT'ANGELO DI PIOVE;I275
SANT'ANGELO IN LIZZOLA;I285
SANT'ANGELO IN PONTANO;I286
SANT'ANGELO IN VADO;I287
SANT'ANGELO LE FRATTE;I288
SANT'ANGELO LIMOSANO;I289
SANT'ANGELO LODIGIANO;I274
SANT'ANGELO LOMELLINA;I276
SANT'ANGELO MUXARO;I290
SANT'ANGELO ROMANO;I284
SANT'ANNA ARRESI;M209
SANT'ANNA D'ALFAEDO;I292
SANT'ANTIMO;I293
SANT'ANTIOCO;I294
SANT'ANTONINO DI SUSA;I296
SANT'ANTONIO ABATE;I300
SANT'ANTONIO RUINAS;I298
SANT'APOLLINARE;I302
SANT'ARCANGELO;I305
SANTARCANGELO DI ROMAGNA;I304
SANT'ARCANGELO TRIMONTE;F557
SANT'ARPINO;I306
SANT'ARSENIO;I307
SANTE MARIE;I326
SANT'EGIDIO ALLA VIBRATA;I318
SANT'EGIDIO DEL MONTE ALBINO;I317
SANT'ELENA;I319
SANT'ELENA;Z340
SANT'ELENA SANNITA;B466
SANT'ELIA A PIANISI;I320
SANT'ELIA FIUMERAPIDO;I321
SANT'ELPIDIO A MARE;I324
SANTENA;I327
SANTERAMO IN COLLE;I330
SANT'EUFEMIA A MAIELLA;I332
SANT'EUFEMIA D'ASPROMONTE;I333
SANT'EUSANIO DEL SANGRO;I335
SANT'EUSANIO FORCONESE;I336
SANTHIA';I337
SANTI COSMA E DAMIANO;I339
SANT'ILARIO DELLO IONIO;I341
SANT'ILARIO D'ENZA;I342
SANT'IPPOLITO;I344
SANTO STEFANO AL MARE;I365
SANTO STEFANO BELBO;I367
SANTO STEFANO D'AVETO;I368
SANTO STEFANO DEL SOLE;I357
SANTO STEFANO DI CADORE;C919
SANTO STEFANO DI CAMASTRA;I370
SANTO STEFANO DI MAGRA;I363
SANTO STEFANO DI ROGLIANO;I359
SANTO STEFANO DI SESSANIO;I360
SANTO STEFANO IN ASPROMONTE;I371
SANTO STEFANO LODIGIANO;I362
SANTO STEFANO QUISQUINA;I356
SANTO STEFANO ROERO;I372
SANTO STEFANO TICINO;I361
SANTO STINO DI LIVENZA;I373
SANT'OLCESE;I346
SANTOMENNA;I260
SANT'OMERO;I348
SANT'OMOBONO IMAGNA;I349
SANT'ONOFRIO;I350
SANTOPADRE;I351
SANT'ORESTE;I352
SANTORSO;I353
SANT'ORSOLA;I354
SANTU LUSSURGIU;I374
SANT'URBANO;I375
SANZA;I410
SANZENO;I411
SAO TOME`;Z341
SAONARA;I418
SAPONARA;I420
SAPPADA;I421
SAPRI;I422
SARACENA;I423
SARACINESCO;I424
SARCEDO;I425
SARCONI;I426
SARDARA;I428
SARDIGLIANO;I429
SAREGO;I430
SARENTINO;I431
SAREZZANO;I432
SAREZZO;I433
SARMATO;I434
SARMEDE;I435
SARNANO;I436
SARNICO;I437
SARNO;I438
SARNONICO;I439
SARONNO;I441
SARRE;I442
SARROCH;I443
SARSINA;I444
SARTEANO;I445
SARTIRANA LOMELLINA;I447
SARULE;I448
SARZANA;I449
SASSANO;I451
SASSARI;I452
SASSELLO;I453
SASSETTA;I454
SASSINORO;I455
SASSO DI CASTALDA;I457
SASSO MARCONI;G972
SASSOCORVARO;I459
SASSOFELTRIO;I460
SASSOFERRATO;I461
SASSUOLO;I462
SATRIANO;I463
SATRIANO DI LUCANIA;G614
SAURIS;I464
SAUZE DI CESANA;I465
SAUZE D'OULX;I466
SAVA;I467
SAVELLI;I468
SAVIANO;I469
SAVIGLIANO;I470
SAVIGNANO IRPINO;I471
SAVIGNANO SUL PANARO;I473
SAVIGNANO SUL RUBICONE;I472
SAVIGNO;I474
SAVIGNONE;I475
SAVIORE DELL'ADAMELLO;I476
SAVOCA;I477
SAVOGNA;I478
SAVOGNA D'ISONZO;I479
SAVOIA DI LUCANIA;H730
SAVONA;I480
SCAFA;I482
SCAFATI;I483
SCAGNELLO;I484
SCALA;I486
SCALA COELI;I485
SCALDASOLE;I487
SCALEA;I489
SCALENGHE;I490
SCALETTA ZANCLEA;I492
SCAMPITELLA;I493
SCANDALE;I494
SCANDELUZZA;I495
SCANDIANO;I496
SCANDICCI;B962
SCANDOLARA RAVARA;I497
SCANDOLARA RIPA D'OGLIO;I498
SCANDRIGLIA;I499
SCANNO;I501
SCANO DI MONTIFERRO;I503
SCANSANO;I504
SCANZANO IONICO;I000
SCANZOROSCIATE;I506
SCAPOLI;I507
SCARLINO;I510
SCARMAGNO;I511
SCARNAFIGI;I512
SCARPERIA;I514
SCENA;I519
SCERNI;I520
SCHEGGIA E PASCELUPO;I522
SCHEGGINO;I523
SCHIAVI DI ABRUZZO;I526
SCHIAVON;I527
SCHIGNANO;I529
SCHILPARIO;I530
SCHIO;I531
SCHIVENOGLIA;I532
SCIACCA;I533
SCIARA;I534
SCICLI;I535
SCIDO;I536
SCIGLIANO;D290
SCILLA;I537
SCILLATO;I538
SCIOLZE;I539
SCISCIANO;I540
SCLAFANI BAGNI;I541
SCONTRONE;I543
SCOPA;I544
SCOPELLO;I545
SCOPPITO;I546
SCORDIA;I548
SCORRANO;I549
SCORZE';I551
SCURCOLA MARSICANA;I553
SCURELLE;I554
SCURZOLENGO;I555
SEBORGA;I556
SECINARO;I558
SECLI;I559
SECUGNAGO;I561
SEDEGLIANO;I562
SEDICO;I563
SEDILO;I564
SEDINI;I565
SEDRIANO;I566
SEDRINA;I567
SEFRO;I569
SEGARIU;I570
SEGGIANO;I571
SEGNI;I573
SEGONZANO;I576
SEGRATE;I577
SEGUSINO;I578
SELARGIUS;I580
SELCI;I581
SELEGAS;I582
SELLANO;I585
SELLERO;I588
SELLIA;I589
SELLIA MARINA;I590
SELVA DEI MOLINI;I593
SELVA DI CADORE;I592
SELVA DI PROGNO;I594
SELVA DI VAL GARDENA;I591
SELVAZZANO DENTRO;I595
SELVE MARCONE;I596
SELVINO;I597
SEMESTENE;I598
SEMIANA;I599
SEMINARA;I600
SEMPRONIANO;I601
SENAGO;I602
SENALE SAN FELICE;I603
SENALES;I604
SENEGAL;Z343
SENEGHE;I605
SENERCHIA;I606
SENIGA;I607
SENIGALLIA;I608
SENIS;I609
SENISE;I610
SENNA COMASCO;I611
SENNA LODIGIANA;I612
SENNARIOLO;I613
SENNORI;I614
SENORBI;I615
SEPINO;I618
SEPPIANA;I619
SEQUALS;I621
SERAVEZZA;I622
SERDIANA;I624
SEREGNO;I625
SEREN DEL GRAPPA;I626
SERGNANO;I627
SERIATE;I628
SERINA;I629
SERINO;I630
SERLE;I631
SERMIDE;I632
SERMONETA;I634
SERNAGLIA DELLA BATTAGLIA;I635
SERNIO;I636
SEROLE;I637
SERRA D'AIELLO;I642
SERRA DE'CONTI;I643
SERRA PEDACE;I650
SERRA RICCO';I640
SERRA SAN BRUNO;I639
SERRA SAN QUIRICO;I653
SERRA SANT'ABBONDIO;I654
SERRACAPRIOLA;I641
SERRADIFALCO;I644
SERRALUNGA D'ALBA;I646
SERRALUNGA DI CREA;I645
SERRAMANNA;I647
SERRAMAZZONI;F357
SERRAMEZZANA;I648
SERRAMONACESCA;I649
SERRAPETRONA;I651
SERRARA FONTANA;I652
SERRASTRETTA;I655
SERRATA;I656
SERRAVALLE A PO;I662
SERRAVALLE DI CHIENTI;I661
SERRAVALLE LANGHE;I659
SERRAVALLE PISTOIESE;I660
SERRAVALLE SCRIVIA;I657
SERRAVALLE SESIA;I663
SERRE;I666
SERRENTI;I667
SERRI;I668
SERRONE;I669
SERRUNGARINA;I670
SERSALE;I671
SERVIGLIANO;C070
SESSA AURUNCA;I676
SESSA CILENTO;I677
SESSAME;I678
SESSANO DEL MOLISE;I679
SESTA GODANO;E070
SESTINO;I681
SESTO;I687
SESTO AL REGHENA;I686
SESTO CALENDE;I688
SESTO CAMPANO;I682
SESTO ED UNITI;I683
SESTO FIORENTINO;I684
SESTO SAN GIOVANNI;I690
SESTOLA;I689
SESTRI LEVANTE;I693
SESTRIERE;I692
SESTU;I695
SETTALA;I696
SETTEFRATI;I697
SETTIME;I698
SETTIMO MILANESE;I700
SETTIMO ROTTARO;I701
SETTIMO SAN PIETRO;I699
SETTIMO TORINESE;I703
SETTIMO VITTONE;I702
SETTINGIANO;I704
SETZU;I705
SEUI;I706
SEULO;I707
SEVESO;I709
SEZZADIO;I711
SEZZE;I712
SFRUZ;I714
SGONICO;I715
SGURGOLA;I716
SIAMAGGIORE;I717
SIAMANNA;I719
SIANO;I720
SIAPICCIA;I721
SICIGNANO DEGLI ALBURNI;M253
SICULIANA;I723
SIDDI;I724
SIDERNO;I725
SIENA;I726
SIERRA LEONE;Z344
SIGILLO;I727
SIGNA;I728
SIKKIM;Z239
SILANDRO;I729
SILANUS;I730
SILEA;F116
SILIGO;I732
SILIQUA;I734
SILIUS;I735
SILLANO;I737
SILLAVENGO;I736
SILVANO D'ORBA;I738
SILVANO PIETRA;I739
SILVI;I741
SIMALA;I742
SIMAXIS;I743
SIMBARIO;I744
SIMERI E CRICHI;I745
SINAGRA;I747
SINALUNGA;A468
SINDIA;I748
SINGAPORE;Z230
SINI;I749
SINIO;I750
SINISCOLA;I751
SINNAI;I752
SINOPOLI;I753
SIRACUSA;I754
SIRIA;Z240
SIRIGNANO;I756
SIRIS;I757
SIRMIONE;I633
SIROLO;I758
SIRONE;I759
SIROR;I760
SIRTORI;I761
SISSA;I763
SIURGUS DONIGALA;I765
SIZIANO;E265
SIZZANO;I677
SLUDERNO;I771
SMARANO;I772
SMERILLO;I774
SOAVE;I775
SOCCHIEVE;I777
SOGLIANO AL RUBICONE;I779
SOGLIANO CAVOUR;I780
SOGLIO;I781
SOIANO DEL LAGO;I782
SOLAGNA;I783
SOLARINO;I785
SOLARO;I786
SOLAROLO;I787
SOLAROLO RAINERIO;I790
SOLARUSSA;I791
SOLBIATE;I792
SOLBIATE ARNO;I793
SOLBIATE OLONA;I794
SOLDANO;I796
SOLEMINIS;I797
SOLERO;I798
SOLESINO;I799
SOLETO;I800
SOLFERINO;I801
SOLIERA;I802
SOLIGNANO;I803
SOLOFRA;I805
SOLONGHELLO;I808
SOLOPACA;I809
SOLTO COLLINA;I812
SOLZA;I813
SOMAGLIA;I815
SOMALIA;Z345
SOMALIA FRANCESE;Z346
SOMANO;I817
SOMMA LOMBARDO;I819
SOMMA VESUVIANA;I820
SOMMACAMPAGNA;I821
SOMMARIVA DEL BOSCO;I822
SOMMARIVA PERNO;I823
SOMMATINO;I824
SOMMO;I825
SONA;I826
SONCINO;I827
SONDALO;I828
SONDRIO;I829
SONGAVAZZO;I830
SONICO;I831
SONNINO;I832
SOPRANA;I835
SORA;I838
SORAGA;I839
SORAGNA;I840
SORANO;I841
SORBO SAN BASILE;I844
SORBO SERPICO;I843
SORBOLO;I845
SORDEVOLO;I847
SORDIO;I848
SORESINA;I849
SORGA';I850
SORGONO;I851
SORI;I852
SORIANELLO;I853
SORIANO CALABRO;I854
SORIANO NEL CIMINO;I855
SORICO;I856
SORISO;I857
SORISOLE;I858
SORMANO;I860
SORRADILE;I861
SORRENTO;I862
SORSO;I863
SORTINO;I864
SOSPIRO;I865
SOSPIROLO;I866
SOSSANO;I867
SOSTEGNO;I868
SOTTO IL MONTE GIOVANNI XXIII;I869
SOVER;I871
SOVERATO;I872
SOVERE;I873
SOVERIA MANNELLI;I874
SOVERIA SIMERI;I875
SOVERZENE;I876
SOVICILLE;I877
SOVICO;I878
SOVIZZO;I879
SOVRAMONTE;I673
SOZZAGO;I880
SPADAFORA;I881
SPADOLA;I884
SPAGNA;Z131
SPARANISE;I885
SPARONE;I886
SPECCHIA;I887
SPELLO;I888
SPERA;I889
SPERLINGA;I891
SPERLONGA;I892
SPERONE;I893
SPESSA;I894
SPEZZANO ALBANESE;I895
SPEZZANO DELLA SILA;I896
SPEZZANO PICCOLO;I898
SPIAZZO;I899
SPIGNO MONFERRATO;I901
SPIGNO SATURNIA;I902
SPILAMBERTO;I903
SPILIMBERGO;I904
SPILINGA;I905
SPINADESCO;I906
SPINAZZOLA;I907
SPINEA;I908
SPINEDA;I909
SPINETE;I910
SPINETO SCRIVIA;I911
SPINETOLI;I912
SPINO D'ADDA;I914
SPINONE AL LAGO;I916
SPINOSO;I917
SPIRANO;I919
SPOLETO;I921
SPOLTORE;I922
SPONGANO;I923
SPORMAGGIORE;I924
SPORMINORE;I925
SPOTORNO;I926
SPRESIANO;I927
SPRIANA;I928
SQUILLACE;I929
SQUINZANO;I930
STAFFOLO;I932
STAGNO LOMBARDO;I935
STAITI;I936
STALETTI;I937
STANGHELLA;I938
STARANZANO;I939
STATI UNITI;Z404
STAZZANO;I941
STAZZEMA;I942
STAZZONA;I943
STEFANACONI;I945
STELLA;I946
STELLA CILENTO;G887
STELLANELLO;I947
STELVIO;I948
STENICO;I949
STERNATIA;I950
STEZZANO;I951
STIA;I952
STIENTA;I953
STIGLIANO;I954
STIGNANO;I955
STILO;I956
STIMIGLIANO;I959
STIO;I960
STORNARA;I962
STORNARELLA;I963
STORO;I964
STRA';I965
STRADELLA;I968
STRAMBINELLO;I969
STRAMBINO;I970
STRANGOLAGALLI;I973
STREGNA;I974
STREMBO;I975
STRESA;I976
STREVI;I977
STRIANO;I978
STRIGNO;I979
STRONA;I980
STRONCONE;I981
STRONGOLI;I982
STROPPIANA;I984
STROPPO;I985
STROZZA;I986
STURNO;I990
SUARDI;B014
SUBBIANO;I991
SUBIACO;I992
SUCCIVO;I993
SUDAN;Z348
SUEGLIO;I994
SUELLI;I995
SUELLO;I996
SUISIO;I997
SULBIATE;I998
SULMONA;I804
SULZANO;L002
SUMIRAGO;L003
SUMMONTE;L004
SUNI;L006
SUNO;L007
SUPERSANO;L008
SUPINO;L009
SURANO;L010
SURBO;L011
SUSA;L013
SUSEGANA;L014
SUSTINENTE;L015
SUTERA;L016
SUTRI;L017
SUTRIO;L018
SUVERETO;L019
SUZZARA;L020
SVEZIA;Z132
SVIZZERA;Z133
SWAZILAND;Z349
TACENO;L022
TADASUNI;L023
TAGGIA;L024
TAGLIACOZZO;L025
TAGLIO DI PO;L026
TAGLIOLO MONFERRATO;L027
TAIBON AGORDINO;L030
TAINO;L032
TAIO;L033
TAIPANA;G736
TALAMELLO;L034
TALAMONA;L035
TALANA;L036
TALEGGIO;L037
TALLA;L038
TALMASSONS;L039
TAMBRE;L040
TANGANICA;Z350
TAORMINA;L042
TAPOGLIANO;L044
TARANO;L046
TARANTA PELIGNA;L047
TARANTASCA;L048
TARANTO;L049
TARCENTO;L050
TARQUINIA;D024
TARSIA;L055
TARTANO;L056
TARVISIO;L057
TARZO;L058
TASSAROLO;L059
TASSULLO;L060
TAURANO;L061
TAURASI;L062
TAURIANOVA;L063
TAURISANO;L064
TAVAGNACCO;L065
TAVAGNASCO;L066
TAVARNELLE VAL DI PESA;L067
TAVAZZANO CON VILLAVESCO;F260
TAVENNA;L069
TAVERNA;L070
TAVERNERIO;L071
TAVERNOLA BERGAMASCA;L073
TAVERNOLE SUL MELLA;C698
TAVIANO;L074
TAVIGLIANO;L075
TAVOLETO;L078
TAVULLIA;L081
TEANA;L082
TEANO;L083
TEGGIANO;D292
TEGLIO;L084
TEGLIO VENETO;L085
TELESE;L086
TELGATE;L087
TELTI;L088
TELVE;L089
TELVE DI SOPRA;L090
TEMPIO PAUSANIA;L093
TEMU';L094
TENNA;L096
TENNO;L097
TEOLO;L100
TEOR;L101
TEORA;L102
TERAMO;L103
TERDOBBIATE;L104
TERELLE;L105
TERENTO;L106
TERENZO;E548
TERLAGO;L107
TERLANO;L108
TERLIZZI;L109
TERME VIGLIATORE;M210
TERMENO SULLA STRADA DEL VINO;L111
TERMINI IMERESE;L112
TERMOLI;L113
TERNATE;L115
TERNENGO;L116
TERNI;L117
TERNO D'ISOLA;L118
TERRACINA;L120
TERRAGNOLO;L121
TERRALBA;L122
TERRANOVA DA SIBARI;L124
TERRANOVA DEI PASSERINI;L125
TERRANOVA DI POLLINO;L126
TERRANOVA SAPPO MINULIO;L127
TERRANUOVA BRACCIOLINI;L123
TERRASINI;L131
TERRASSA PADOVANA;L132
TERRAVECCHIA;L134
TERRAZZO;L136
TERRES;L137
TERRICCIOLA;L138
TERRUGGIA;L139
TERTENIA;L140
TERZIGNO;L142
TERZO;L143
TERZO D'AQUILEIA;L144
TERZOLAS;L145
TERZORIO;L146
TESERO;L147
TESIMO;L149
TESSENNANO;L150
TESTICO;L152
TETI;L153
TEULADA;L154
TEVEROLA;L155
TEZZE SUL BRENTA;L156
THAILANDIA;Z241
THIENE;L157
THIESI;L158
TIANA;L160
TIARNO DI SOPRA;L162
TIARNO DI SOTTO;L163
TICENGO;L164
TICINETO;L165
TIGGIANO;L166
TIGLIETO;L167
TIGLIOLE;L168
TIGNALE;L169
TIMOR;Z242
TINNURA;L172
TIONE DEGLI ABRUZZI;L173
TIONE DI TRENTO;L174
TIRANO;L175
TIRES;L176
TIRIOLO;L177
TIROLO;L178
TISSI;L180
TITO;L181
TIVOLI;L182
TIZZANO VAL PARMA;L183
TOANO;L184
TOCCO CAUDIO;L185
TOCCO DA CASAURIA;L186
TOCENO;L187
TODI;L188
TOFFIA;L189
TOGO;Z351
TOIRANO;L190
TOKELAU;Z727
TOLENTINO;L191
TOLFA;L192
TOLLEGNO;L193
TOLLO;L194
TOLMEZZO;L195
TOLVE;L197
TOMBOLO;L199
TON;L200
TONADICO;L201
TONARA;L202
TONCO;L203
TONENGO;L204
TONEZZA DEL CIMONE;D717
TORA E PICCILLI;L205
TORANO CASTELLO;L206
TORANO NUOVO;L207
TORBOLE CASAGLIA;L210
TORCEGNO;L211
TORCHIARA;L212
TORCHIAROLO;L213
TORELLA DEL SANNIO;L215
TORELLA DE'LOMBARDI;L214
TORGIANO;L216
TORGNON;L217
TORINO;L219
TORINO DI SANGRO;L218
TORITTO;L220
TORLINO VIMERCATI;L221
TORNACO;L223
TORNARECCIO;L224
TORNATA;L225
TORNIMPARTE;L227
TORNO;L228
TORNOLO;L229
TORO;L230
TORPE';L231
TORRACA;L233
TORRALBA;L235
TORRAZZA COSTE;L237
TORRAZZA PIEMONTE;L238
TORRAZZO;L239
TORRE ANNUNZIATA;L245
TORRE BERETTI E CASTELLARO;L250
TORRE BOLDONE;L251
TORRE BORMIDA;L252
TORRE CAJETANI;L243
TORRE CANAVESE;L247
TORRE D'ARESE;L256
TORRE DE'BUSI;L257
TORRE DEL GRECO;L259
TORRE DE'NEGRI;L262
TORRE DE'PASSERI;L263
TORRE DE'PICENARDI;L258
TORRE DE'ROVERI;L265
TORRE DI MOSTO;L267
TORRE DI RUGGIERO;L240
TORRE DI SANTA MARIA;L244
TORRE D'ISOLA;L269
TORRE LE NOCELLE;L272
TORRE MONDOVI';L241
TORRE ORSAIA;L274
TORRE PALLAVICINA;L276
TORRE PELLICE;L277
TORRE SAN GIORGIO;L278
TORRE SAN PATRIZIO;L279
TORRE SANTA SUSANNA;L280
TORREANO;L246
TORREBELVICINO;L248
TORREBRUNA;L253
TORRECUSO;L254
TORREGLIA;L270
TORREGROTTA;L271
TORREMAGGIORE;L273
TORRESINA;L281
TORRETTA;L282
TORREVECCHIA PIA;L285
TORREVECCHIA TEATINA;L284
TORRI DEL BENACO;L287
TORRI DI QUARTESOLO;L297
TORRI IN SABINA;L286
TORRIANA;I550
TORRICE;L290
TORRICELLA;L294
TORRICELLA DEL PIZZO;L296
TORRICELLA IN SABINA;L293
TORRICELLA PELIGNA;L291
TORRICELLA SICURA;L295
TORRICELLA VERZATE;L292
TORRIGLIA;L298
TORRILE;L299
TORRIONI;L301
TORRITA DI SIENA;L303
TORRITA TIBERINA;L302
TORTOLI';A355
TORTONA;L304
TORTORA;L305
TORTORELLA;L306
TORTORETO;L307
TORTORICI;L308
TORVISCOSA;L309
TOSCOLANO MADERNO;L312
TOSSICIA;L314
TOVO DI SANT'AGATA;L316
TOVO SAN GIACOMO;L315
TRABIA;L317
TRADATE;L319
TRAMATZA;L321
TRAMBILENO;L322
TRAMONTI;L323
TRAMONTI DI SOPRA;L324
TRAMONTI DI SOTTO;L325
TRAMUTOLA;L326
TRANA;L327
TRANI;L328
TRANSACQUA;L329
TRAONA;L330
TRAPANI;L331
TRAPPETO;L332
TRAREGO VIGGIONA;L333
TRASACCO;L334
TRASAGHIS;L335
TRASQUERA;L336
TRATALIAS;L337
TRAUSELLA;L338
TRAVACO' SICCOMARIO;I236
TRAVAGLIATO;L339
TRAVEDONA MONATE;L342
TRAVERSELLA;L345
TRAVERSETOLO;L346
TRAVES;L340
TRAVESIO;L347
TRAVO;L348
TREBASELEGHE;L349
TREBISACCE;L353
TRECASALI;L354
TRECASTAGNI;L355
TRECATE;L356
TRECCHINA;L357
TRECENTA;L359
TREDOZIO;L361
TREGLIO;L363
TREGNAGO;L364
TREIA;L366
TREISO;L367
TREMENICO;L368
TREMESTIERI ETNEO;L369
TREMEZZO;L371
TREMOSINE;L372
TRENTA;L375
TRENTINARA;L377
TRENTO;L378
TRENTOLA DUCENTA;L379
TRENZANO;L380
TREPPO CARNICO;L381
TREPPO GRANDE;L382
TREPUZZI;L383
TREQUANDA;L384
TRES;L385
TRESANA;L386
TRESCORE BALNEARIO;L388
TRESCORE CREMASCO;L389
TRESIGALLO;L390
TRESIVIO;L392
TRESNURAGHES;L393
TREVENZUOLO;L396
TREVI;L397
TREVI NEL LAZIO;L398
TREVICO;L399
TREVIGLIO;L400
TREVIGNANO;L402
TREVIGNANO ROMANO;L401
TREVILLE;L403
TREVIOLO;L404
TREVISO;L407
TREVISO BRESCIANO;L406
TREZZANO ROSA;L408
TREZZANO SUL NAVIGLIO;L409
TREZZO SULL'ADDA;L411
TREZZO TINELLA;L410
TREZZONE;L413
TRIBANO;L414
TRIBIANO;L415
TRIBOGNA;L416
TRICARICO;L418
TRICASE;L419
TRICERRO;L420
TRICESIMO;L421
TRICHIANA;L422
TRIEI;L423
TRIESTE;L424
TRIGGIANO;L425
TRIGOLO;L426
TRINIDAD;Z612
TRINITA';L427
TRINITA' D'AGULTU;L428
TRINITAPOLI;B915
TRINO;L429
TRIORA;L430
TRIPI;L431
TRISOBBIO;L432
TRISSINO;L433
TRIUGGIO;L434
TRIVENTO;L435
TRIVERO;L436
TRIVIGLIANO;L437
TRIVIGNANO UDINESE;L438
TRIVIGNO;L439
TRIVOLZIO;L440
TRODENA;L444
TROFARELLO;L445
TROIA;L447
TROINA;L448
TROMELLO;L449
TRONTANO;L450
TRONZANO LAGO MAGGIORE;A705
TRONZANO VERCELLESE;L451
TROPEA;L452
TROVO;L453
TRUCCAZZANO D'ADDA;L454
TUBRE;L455
TUENNO;L457
TUFARA;L458
TUFILLO;L459
TUFINO;L460
TUFO;L461
TUGLIE;L462
TUILI;L463
TULA;L464
TUNISIA;Z352
TUORO SUL TRASIMENO;L466
TURANIA;G507
TURANO LODIGIANO;L469
TURATE;L470
TURBIGO;L471
TURCHIA;Z243
TURI;L472
TURKS E CAICOS;Z519
TURRI;L473
TURRIACO;L474
TURRIVALIGNANI;L475
TURSI;L477
TUSA;L478
TUSCANIA;L310
UBIALE CLANEZZO;C789
UBOLDO;L480
UCRIA;L482
UDINE;L483
UGANDA;Z353
UGENTO;L484
UGGIANO LA CHIESA;L485
UGGIATE TREVANO;L487
ULA' TIRSO;L488
ULASSAI;L489
ULTIMO;L490
UMBERTIDE;D786
UMBRIATICO;L492
UNGHERIA;Z134
UNIONE SOVIETICA;Z135
URAGO D'OGLIO;L494
URAS;L496
URBANA;L497
URBANIA;L498
URBE;L499
URBINO;L500
URBISAGLIA;L501
URGNANO;L502
URI;L503
URUGUAY;Z613
URURI;L505
URZULEI;L506
USCIO;L507
USELLUS;L508
USINI;L509
USMATE VELATE;L511
USSANA;L512
USSARAMANNA;L513
USSASSAI;L514
USSEAUX;L515
USSEGLIO;L516
USSITA;L517
USTICA;L519
UTA;L521
UZZANO;L522
VACCARIZZO ALBANESE;L524
VACONE;L525
VACRI;L526
VADENA;L527
VADO LIGURE;L528
VAGLI SOTTO;L533
VAGLIA;L529
VAGLIO BASILICATA;L532
VAGLIO SERRA;L531
VAIANO;L537
VAIANO CREMASCO;L535
VAIE;L538
VAILATE;L539
VAIRANO PATENORA;L540
VAJONT;L000
VAL DELLA TORRE;L555
VAL DI NIZZA;L562
VAL DI VIZZE;L564
VAL MASINO;L638
VAL REZZO;H259
VALBONDIONE;L544
VALBREMBO;L545
VALBREVENNA;L546
VALBRONA;L547
VALDA;L550
VALDAGNO;L551
VALDAORA;L552
VALDASTICO;L554
VALDENGO;L556
VALDERICE;G319
VALDIDENTRO;L557
VALDIERI;L558
VALDINA;L561
VALDISOTTO;L563
VALDOBBIADENE;L565
VALDUGGIA;L566
VALEGGIO;L568
VALEGGIO SUL MINCIO;L567
VALENTANO;L569
VALENZA;L570
VALENZANO;L571
VALERA FRATTA;L572
VALFABBRICA;L573
VALFENERA;L574
VALFLORIANA;L575
VALFURVA;L576
VALGANNA;L577
VALGIOIE;L578
VALGOGLIO;L579
VALGRANA;L580
VALGREGHENTINO;L581
VALGRISANCHE;L582
VALGUARNERA CAROPEPE;L583
VALLADA AGORDINA;L584
VALLANZENGO;L586
VALLARSA;L588
VALLATA;L589
VALLE AGRICOLA;L594
VALLE AURINA;L595
VALLE CASTELLANA;L597
VALLE DELL'ANGELO;G540
VALLE DI CADORE;L590
VALLE DI CASIES;L601
VALLE DI MADDALONI;L591
VALLE LOMELLINA;L593
VALLE MOSSO;L606
VALLE SALIMBENE;L617
VALLE SAN NICOLAO;L620
VALLEBONA;L596
VALLECORSA;L598
VALLECROSIA;L599
VALLEDOLMO;L603
VALLEDORIA;L604
VALLEFIORITA;I322
VALLELONGA;L607
VALLELUNGA PRATAMENO;L609
VALLEMAIO;L605
VALLEPIETRA;L611
VALLERANO;L612
VALLERMOSA;L613
VALLEROTONDA;L614
VALLESACCARDA;L616
VALLEVE;L623
VALLI DEL PASUBIO;L624
VALLINFREDA;L625
VALLIO TERME;L626
VALLO DELLA LUCANIA;L628
VALLO DI NERA;L627
VALLO TORINESE;L629
VALLORIATE;L631
VALMACCA;L633
VALMADRERA;L634
VALMALA;L636
VALMONTONE;L639
VALMOREA;L640
VALMOZZOLA;L641
VALNEGRA;L642
VALPELLINE;L643
VALPERGA;L644
VALPRATO SOANA;B510
VALSAVARANCHE;L647
VALSECCA;L649
VALSINNI;D513
VALSOLDA;C936
VALSTAGNA;L650
VALSTRONA;L651
VALTOPINA;L653
VALTORTA;L655
VALTOURNANCHE;L654
VALVA;L656
VALVASONE;L657
VALVERDE;L658
VALVERDE;L659
VALVESTINO;L468
VANDOIES;L660
VANZAGHELLO;L664
VANZAGO;L665
VANZONE CON SAN CARLO;L666
VAPRIO D'ADDA;L667
VAPRIO D'AGOGNA;L668
VARALLO;L669
VARALLO POMBIA;L670
VARANO BORGHI;L671
VARANO DE MELEGARI;L672
VARAPODIO;L673
VARAZZE;L675
VARCO SABINO;L676
VAREDO;L677
VARENA;L678
VARENNA;L680
VARESE;L682
VARESE LIGURE;L681
VARISELLA;L685
VARMO;L686
VARNA;L687
VARSI;L689
VARZI;L690
VARZO;L691
VAS;L692
VASANELLO;A701
VASIA;L693
VASTO;E372
VASTOGIRARDI;L696
VATTARO;L697
VAUDA CANAVESE;L698
VAZZANO;L699
VAZZOLA;L700
VECCHIANO;L702
VEDANO AL LAMBRO;L704
VEDANO OLONA;L703
VEDDASCA;L705
VEDELAGO;L706
VEDESETA;L707
VEDUGGIO CON COLZANO;L709
VEGGIANO;L710
VEGLIE;L711
VEGLIO;L712
VEJANO;L713
VELESO;L715
VELEZZO LOMELLINA;L716
VELLETRI;L719
VELLEZZO BELLINI;L720
VELO D'ASTICO;L723
VELO VERONESE;L722
VELTURNO;L724
VENAFRO;L725
VENARIA;L727
VENAROTTA;L728
VENASCA;L729
VENAUS;L726
VENDONE;L730
VENDROGNO;L731
VENEGONO INFERIORE;L733
VENEGONO SUPERIORE;L734
VENETICO;L735
VENEZIA;L736
VENEZUELA;Z614
VENIANO;L737
VENOSA;L738
VENTICANO;L739
VENTIMIGLIA;L741
VENTIMIGLIA DI SICILIA;L740
VENTOTENE;L742
VENZONE;L743
VERANO;L745
VERANO BRIANZA;L744
VERBANIA;L746
VERBICARO;L747
VERCANA;L748
VERCEIA;L749
VERCELLI;L750
VERCURAGO;L751
VERDELLINO;L752
VERDELLO;L753
VERDERIO INFERIORE;L755
VERDERIO SUPERIORE;L756
VERDUNO;L758
VERGATO;L762
VERGEMOLI;L763
VERGHERETO;L764
VERGIATE;L765
VERMEZZO;L768
VERMIGLIO;L769
VERNANTE;L771
VERNASCA;L772
VERNATE;L773
VERNAZZA;L774
VERNIO;L775
VERNOLE;L776
VEROLANUOVA;L777
VEROLAVECCHIA;L778
VEROLENGO;L770
VEROLI;L780
VERONA;L781
VERONELLA;D193
VERRAYES;L783
VERRES;C282
VERRETTO;L784
VERRONE;L785
VERRUA PO;L788
VERRUA SAVOIA;L787
VERTEMATE CON MINOPRIO;L792
VERTOVA;L795
VERUCCHIO;L797
VERUNO;L798
VERVIO;L799
VERVO;L800
VERZEGNIS;L801
VERZINO;L802
VERZUOLO;L804
VESCOVANA;L805
VESCOVATO;L806
VESIME;L807
VESPOLATE;L808
VESSALICO;L809
VESTENANOVA;L810
VESTIGNE';L811
VESTONE;L812
VESTRENO;L813
VETRALLA;L814
VETTO;L815
VEZZA D'ALBA;L817
VEZZA D'OGLIO;L816
VEZZANO;L821
VEZZANO LIGURE;L819
VEZZANO SUL CROSTOLO;L820
VEZZI PORTIO;L823
VIADANA;L826
VIADANICA;L827
VIAGRANDE;L828
VIALE D'ASTI;L829
VIALFRE';L830
VIANO;L831
VIAREGGIO;L833
VIARIGI;L834
VIBO VALENTIA;F537
VIBONATI;L835
VICALVI;L836
VICARI;L837
VICCHIO;L838
VICENZA;L840
VICO CANAVESE;L548
VICO DEL GARGANO;L842
VICO EQUENSE;L845
VICO NEL LAZIO;L843
VICOFORTE;L841
VICOLI;L846
VICOLUNGO;L847
VICOPISANO;L850
VICOVARO;L851
VIDDALBA;L000
VIDIGULFO;L854
VIDOR;L856
VIDRACCO;L857
VIESTE;L858
VIETNAM DEL NORD;Z245
VIETNAM DEL SUD;Z244
VIETRI DI POTENZA;L859
VIETRI SUL MARE;L860
VIGANELLA;L864
VIGANO';L866
VIGANO SAN MARTINO;L865
VIGARANO MAINARDA;L868
VIGASIO;L869
VIGEVANO;L872
VIGGIANELLO;L873
VIGGIANO;L874
VIGGIU';L876
VIGHIZZOLO D'ESTE;L878
VIGLIANO BIELLESE;L880
VIGLIANO D'ASTI;L879
VIGNALE MONFERRATO;L881
VIGNANELLO;L882
VIGNATE;L883
VIGNOLA;L885
VIGNOLA FALESINA;L886
VIGNOLE BORBERA;L887
VIGNOLO;L888
VIGNONE;L889
VIGO DI CADORE;L890
VIGO DI FASSA;L893
VIGO RENDENA;L903
VIGODARZERE;L892
VIGOLO;L894
VIGOLO VATTARO;L896
VIGOLZONE;L897
VIGONE;L898
VIGONOVO;L899
VIGONZA;L900
VIGUZZOLO;L904
VILLA AGNEDO;L910
VILLA BARTOLOMEA;L912
VILLA BASILICA;L913
VILLA BISCOSSI;L917
VILLA CARCINA;L919
VILLA CASTELLI;L920
VILLA CELIERA;L922
VILLA COLLEMANDINA;L926
VILLA CORTESE;L928
VILLA D'ADDA;L929
VILLA D'ALME';A215
VILLA DEL BOSCO;L933
VILLA DEL CONTE;L934
VILLA DI BRIANO;D801
VILLA DI CHIAVENNA;L907
VILLA DI SERIO;L936
VILLA DI TIRANO;L908
VILLA D'OGNA;L938
VILLA ESTENSE;L937
VILLA FARALDI;L943
VILLA GUARDIA;L956
VILLA LAGARINA;L957
VILLA LATINA;A081
VILLA LITERNO;L844
VILLA MINOZZO;L969
VILLA POMA;F804
VILLA RENDENA;M006
VILLA SAN GIOVANNI;M018
VILLA SAN GIOVANNI IN TUSCIA;H913
VILLA SAN PIETRO;I118
VILLA SAN SECONDO;M019
VILLA SANTA LUCIA;L905
VILLA SANTA LUCIA DEGLI ABRUZZI;M021
VILLA SANTA MARIA;M022
VILLA SANT'ANGELO;M023
VILLA SANTINA;L909
VILLA SANTO STEFANO;I364
VILLA VERDE;A609
VILLA VICENTINA;M034
VILLABASSA;L914
VILLABATE;L916
VILLACHIARA;L923
VILLACIDRO;L924
VILLADEATI;L931
VILLADOSE;L939
VILLADOSSOLA;L906
VILLAFALLETTO;L942
VILLAFRANCA D'ASTI;L945
VILLAFRANCA DI VERONA;L949
VILLAFRANCA IN LUNIGIANA;L946
VILLAFRANCA PADOVANA;L947
VILLAFRANCA PIEMONTE;L948
VILLAFRANCA SICULA;L944
VILLAFRANCA TIRRENA;L950
VILLAFRATI;L951
VILLAGA;L952
VILLAGRANDE  STRISAILI;L953
VILLALAGO;L958
VILLALBA;L959
VILLALFONSINA;L961
VILLALVERNIA;L963
VILLAMAGNA;L964
VILLAMAINA;L965
VILLAMAR;L966
VILLAMARZANA;L967
VILLAMASSARGIA;L968
VILLAMIROGLIO;L970
VILLANDRO;L971
VILLANOVA BIELLESE;L978
VILLANOVA CANAVESE;L982
VILLANOVA D'ALBENGA;L975
VILLANOVA D'ARDENGHI;L983
VILLANOVA D'ASTI;L984
VILLANOVA DEL BATTISTA;L973
VILLANOVA DEL GHEBBO;L985
VILLANOVA DEL SILLARO;L977
VILLANOVA DI CAMPOSAMPIERO;L979
VILLANOVA MARCHESANA;L988
VILLANOVA MONDOVI';L974
VILLANOVA MONFERRATO;L972
VILLANOVA MONTELEONE;L989
VILLANOVA SOLARO;L990
VILLANOVA SULL'ARDA;L980
VILLANOVA TRUSCHEDU;L991
VILLANOVA TULO;L992
VILLANOVAFORRU;L986
VILLANOVAFRANCA;L987
VILLANTERIO;L994
VILLANUOVA SUL CLISI;L995
VILLAPIANA;B903
VILLAPUTZU;L998
VILLAR DORA;L999
VILLAR FOCCHIARDO;M007
VILLAR PELLICE;M013
VILLAR PEROSA;M014
VILLAR SAN COSTANZO;M015
VILLARBASSE;M002
VILLARBOIT;M003
VILLAREGGIA;M004
VILLARICCA;G309
VILLAROMAGNANO;M009
VILLAROSA;M011
VILLASALTO;M016
VILLASANTA;M017
VILLASIMIUS;B738
VILLASOR;M025
VILLASPECIOSA;M026
VILLASTELLONE;M027
VILLATA;M028
VILLAURBANA;M030
VILLAVALLELONGA;M031
VILLAVERLA;M032
VILLENEUVE;L981
VILLESSE;M043
VILLETTA BARREA;M041
VILLETTE;M042
VILLIMPENTA;M044
VILLONGO;M045
VILLORBA;M048
VILMINORE DI SCALVE;M050
VIMERCATE;M052
VIMODRONE;M053
VINADIO;M055
VINCHIATURO;M057
VINCHIO;M058
VINCI;M059
VINOVO;M060
VINZAGLIO;M062
VIOLA;M063
VIONE;M065
VIPITENO;M067
VIRGILIO;H123
VIRLE PIEMONTE;M069
VISANO;M070
VISCHE;M071
VISCIANO;M072
VISCO;M073
VISONE;M077
VISSO;M078
VISTARINO;M079
VISTRORIO;M080
VITA;M081
VITERBO;M082
VITICUSO;M083
VITO D'ASIO;M085
VITORCHIANO;M086
VITTORIA;M088
VITTORIO VENETO;M089
VITTORITO;M090
VITTUONE;M091
VITULANO;M093
VITULAZIO;M092
VIU';M094
VIVARO;M096
VIVARO ROMANO;M095
VIVERONE;M098
VIZZINI;M100
VIZZOLA TICINO;M101
VIZZOLO PREDABISSI;M102
VO;M103
VOBARNO;M104
VOBBIA;M105
VOCCA;M106
VODO CADORE;M108
VOGHERA;M109
VOGHIERA;M110
VOGOGNA;M111
VOLANO;M113
VOLLA;M115
VOLONGO;M116
VOLPAGO DEL MONTELLO;M118
VOLPARA;M119
VOLPEDO;M120
VOLPEGLINO;M121
VOLPIANO;M122
VOLTA MANTOVANA;M125
VOLTAGGIO;M123
VOLTAGO AGORDINO;M124
VOLTERRA;M126
VOLTIDO;M127
VOLTURARA APPULA;M131
VOLTURARA IRPINA;M130
VOLTURINO;M132
VOLVERA;M133
VOTTIGNASCO;M136
YEMEN;Z246
ZACCANOPOLI;M138
ZAFFERANA ETNEA;M139
ZAGARISE;M140
ZAGAROLO;M141
ZAMBANA;M142
ZAMBIA;Z355
ZAMBRONE;M143
ZANDOBBIO;M144
ZANE';M145
ZANICA;M147
ZANZIBAR;Z356
ZAPPONETA;M000
ZAVATTARELLO;M150
ZECCONE;M152
ZEDDIANI;M153
ZELBIO;M156
ZELO BUON PERSICO;M158
ZELO SURRIGONE;M160
ZEME LOMELLINA;M161
ZENEVREDO;M162
ZENSON DI PIAVE;M163
ZERBA;M165
ZERBO;M166
ZERBOLO';M167
ZERFALIU;M168
ZERI;M169
ZERMEGHEDO;M170
ZERO BRANCO;M171
ZEVIO;M172
ZIANO DI FIEMME;M173
ZIANO PIACENTINO;L848
ZIBELLO;M174
ZIBIDO SAN GIACOMO;M176
ZIGNAGO;M177
ZIMELLA;M178
ZIMONE;M179
ZINASCO;M180
ZOAGLI;M182
ZOCCA;M183
ZOGNO;M184
ZOLA PREDOSA;M185
ZOLDO ALTO;I345
ZOLLINO;M187
ZONE;M188
ZOPPE' DI CADORE;M189
ZOPPOLA;M190
ZOVENCEDO;M194
ZUBIENA;M196
ZUCCARELLO;M197
ZUCLO;M198
ZUGLIANO;M199
ZUGLIO;M200
ZUMAGLIA;M201
ZUMPANO;M202
ZUNGOLI;M203
ZUNGRI;M204